;name;category;city;description;num_ratings;average_rating;images;menu_items;# of items;location
Restaurant1;Indian Food Corner;Tandoori,Indian, Chicken;Winnipeg;Traditional Indian dishes from butter chicken to chicken biryani.;0;0;['https://cdn.doordash.com/media/photos/ee8a25ab-0457-4410-993d-670d73bffb42-retina-large-jpeg', 'https://cdn.doordash.com/media/photos/bb5dfdcd-8ea0-4a4e-b89d-dfc7071873dd-retina-large-jpeg', 'https://cdn.doordash.com/media/photos/8b253848-5857-413c-a9bb-a9d3b8d66262-retina-large-jpeg'];[{'item_name': 'IFC Spl Saag & Makki Di Roti Meal', 'price': 999, 'image_url': 'https://cdn.doordash.com/media/photos/ee8a25ab-0457-4410-993d-670d73bffb42-retina-large-jpeg', 'description': 'Saag and two makki di rotis with salted lassi.'}, {'item_name': 'Vegetarian Combo', 'price': 1299, 'image_url': 'https://cdn.doordash.com/media/photos/bb5dfdcd-8ea0-4a4e-b89d-dfc7071873dd-retina-large-jpeg', 'description': 'Chana masala with one of your choice of Vegetarian curry or sabzi, rice, Butter naan bread and pickle.'}, {'item_name': 'Pani Puri (8)', 'price': 699, 'image_url': 'https://cdn.doordash.com/media/photos/8b253848-5857-413c-a9bb-a9d3b8d66262-retina-large-jpeg', 'description': 'Round, hollow puri fried and filled with a mixture of flavored water, tamarind chutney, chilly, chat masala, potatoes, and onions.'}];3;['1373 Pembina Hwy #4 Winnipeg MB R3T 2B7']
Restaurant2;Baked Expectations;Pie,Dessert,Sweet,Cake,Cookies,Cupcakes,;Winnipeg;With our dizzying array of cheesecakes, cakes, tortes and pies it is easy to come here with only your sweet tooth in mind, but sweet or savoury, you are in for a treat!;0;0;['https://cdn.doordash.com/media/photos/42984140-591d-4fd4-a326-5c1711c50564-retina-large-jpeg', 'https://cdn.doordash.com/media/photos/0e61f405-b144-46d2-87c9-baf68c57d9ec-retina-large-jpeg', 'https://cdn.doordash.com/media/photos/0ff3f07d-1fd8-49e7-9868-f4d95c9224dd-retina-large-jpeg'];[{'item_name': 'Fresh Strawberry Cheesecake', 'price': 1000, 'image_url': 'https://cdn.doordash.com/media/photos/42984140-591d-4fd4-a326-5c1711c50564-retina-large-jpeg', 'description': 'Delicious, juicy, plump strawberries heaped atop a creamy plain cheesecake.'}, {'item_name': 'Cherry Royale Cheesecake', 'price': 975, 'image_url': 'https://cdn.doordash.com/media/photos/0e61f405-b144-46d2-87c9-baf68c57d9ec-retina-large-jpeg', 'description': 'The classic, plain (if you can call it that!) cheesecake with tons of dark cherry topping.'}, {'item_name': 'Oreo Cookie Cheesecake', 'price': 975, 'image_url': 'https://cdn.doordash.com/media/photos/0ff3f07d-1fd8-49e7-9868-f4d95c9224dd-retina-large-jpeg', 'description': 'What can we say – everyone loves it. Chocolate cookie crust, Oreos generously mixed through the cheesecake – topped with more cookies and cream.'}];3;['161 Osborne St Winnipeg MB R3L 1Y7']
Restaurant3;Banh Mi King;Vietnamese,Savory,Sandwiches,Phom Poutine;Winnipeg;Choose from an incredible selection of appetizing rice dishes, Vietnamese salads, pho, Viet subs, baoger and more.;0;0;['https://cdn.doordash.com/media/photos/3ccb98e4-3e03-411b-ae5d-4c7487db481f-retina-large.jpg', 'https://cdn.doordash.com/media/photos/ffa52860-4211-47aa-bfdb-f72653cd313c-retina-large.jpg', 'https://cdn.doordash.com/media/photos/8a2be946-c47b-4055-a8ce-1d6f531a68f3-retina-large.jpg'];[{'item_name': 'Pork Belly Baoger', 'price': 779, 'image_url': 'https://cdn.doordash.com/media/photos/3ccb98e4-3e03-411b-ae5d-4c7487db481f-retina-large.jpg', 'description': 'Slow-braised pork belly cooked in a hot oven and served on a steamed bun with cheese, pickled daikons, red onions, and lettuce.'}, {'item_name': 'Beef Baoger', 'price': 799, 'image_url': 'https://cdn.doordash.com/media/photos/ffa52860-4211-47aa-bfdb-f72653cd313c-retina-large.jpg', 'description': 'Homemade beef patties, steamed bun, cheese, pickled daikons, red onions, and lettuce.'}, {'item_name': 'Deluxe Beef Pho', 'price': 1129, 'image_url': 'https://cdn.doordash.com/media/photos/8a2be946-c47b-4055-a8ce-1d6f531a68f3-retina-large.jpg', 'description': 'Gluten friendly. Sliced top sirloin raw beef, beef brisket, and beef balls with your choice of broth served with a side of bean sprouts and basil.'}];3;['510 Portage Ave Winnipeg MB R3C 0G2']
Restaurant4;Jollibee;Fried Chicken,Philippines,Filipino Fast Food;Winnipeg;One of the jolliest fast food restaurants on earth. Our menu offers many of your favorite comfort foods including fried chicken, French fries, pies, spaghetti, burgers, and more but with a Filipino twist.;0;0;['https://cdn.doordash.com/media/photosV2/a1d339f4-34b8-4c52-a058-45b16b6e0e2c-retina-large.jpg', 'https://cdn.doordash.com/media/photosV2/7bd449b5-e457-4b9c-ae55-65dec63d9745-c2641e52-d348-4c63-9df9-e2ae9c6924e9-retina-large.JPG', 'https://cdn.doordash.com/media/photosV2/8d8657a3-3226-48e3-8537-ab81190c10e7-59240929-a569-4e45-a6aa-a420bbd396ce-retina-large.JPG'];[{'item_name': 'Banana Langka Pie', 'price': 401, 'image_url': 'https://cdn.doordash.com/media/photosV2/a1d339f4-34b8-4c52-a058-45b16b6e0e2c-retina-large.jpg', 'description': 'Use code BOGOBLP at checkout to redeem offer. \r\n\r\nBanana Langka Pie is a perfect combination of two popular fruits from the Philippines – banana and jackfruit. The fruity filling encrusted in a buttery flaky crust makes a delicious sweet treat!\r\n'}, {'item_name': 'Peach Mango Pie', 'price': 401, 'image_url': 'https://cdn.doordash.com/media/photosV2/7bd449b5-e457-4b9c-ae55-65dec63d9745-c2641e52-d348-4c63-9df9-e2ae9c6924e9-retina-large.JPG', 'description': 'Sweet and flaky Peach Mango Pie made with real Philippine mangoes'}, {'item_name': 'Pepsi', 'price': 344, 'image_url': 'https://cdn.doordash.com/media/photosV2/8d8657a3-3226-48e3-8537-ab81190c10e7-59240929-a569-4e45-a6aa-a420bbd396ce-retina-large.JPG', 'description': 'A 20 oz Pepsi'}];3;['1377 McPhillips St Winnipeg MB R2V 3C4', '1406 Ellice Ave Winnipeg MB R3G 0G4', '1130 Nairn Ave Winnipeg MB R2L 0Y5']
Restaurant5;JOEY Restaurants;Burgers,Canadian,Pasta,Sandwiches,Fries;Winnipeg; The restaurant focuses on Asian, American, Mediterranean and other global dishes. It is a Western Canadian premium casual restaurant.;0;0;['https://cdn.doordash.com/media/photosV2/b5db143f-f66d-47dd-994d-a9b6638a9f81-retina-large.jpeg', 'https://cdn.doordash.com/media/photosV2/95c1a66e-9d0b-44a0-b304-79ed1a2684ba-retina-large.jpeg', 'https://cdn.doordash.com/media/photosV2/159dcd9a-5b5b-4f18-8130-b4da727e2d71-retina-large.jpeg'];[{'item_name': 'Individually Baked Apple Pie - Maple', 'price': 1150, 'image_url': 'https://cdn.doordash.com/media/photosV2/b5db143f-f66d-47dd-994d-a9b6638a9f81-retina-large.jpeg', 'description': 'Hand-folded pastry, toasted almonds, Canadian maple ice cream.'}, {'item_name': 'California Chicken', 'price': 2150, 'image_url': 'https://cdn.doordash.com/media/photosV2/95c1a66e-9d0b-44a0-b304-79ed1a2684ba-retina-large.jpeg', 'description': 'Spicy mayo, aged cheddar, smoky bacon'}, {'item_name': 'Hand-Pressed Burger', 'price': 1925, 'image_url': 'https://cdn.doordash.com/media/photosV2/159dcd9a-5b5b-4f18-8130-b4da727e2d71-retina-large.jpeg', 'description': 'Brioche bun, all the groceries, secret sauce.'}];3;['635 St James St Winnipeg MB R3G 3R4', '1550 Kenaston Blvd Winnipeg MB R3P 0Y4']
Restaurant6;Mar's Sisig;Filipino,Philippines,Pho;Winnipeg;The restaurant serves Filipino dishes from breakfast to dinner.;0;0;['https://cdn.doordash.com/media/photos/288d7382-b783-48b0-ae5c-54500339d067-retina-large.jpg', 'https://cdn.doordash.com/media/photos/0940d7dc-46f3-4b6a-b1c9-bb2bc035c219-retina-large-jpeg', 'https://cdn.doordash.com/media/photos/99493481-b623-4074-9b5d-bbabf6f316d4-retina-large-jpeg'];[{'item_name': 'Goto', 'price': 799, 'image_url': 'https://cdn.doordash.com/media/photos/288d7382-b783-48b0-ae5c-54500339d067-retina-large.jpg', 'description': ''}, {'item_name': 'Breakfast Meal 2', 'price': 1199, 'image_url': 'https://cdn.doordash.com/media/photos/0940d7dc-46f3-4b6a-b1c9-bb2bc035c219-retina-large-jpeg', 'description': '2 choice of Meat + fried rice + 2 Eggs'}, {'item_name': 'tapasilog', 'price': 999, 'image_url': 'https://cdn.doordash.com/media/photos/99493481-b623-4074-9b5d-bbabf6f316d4-retina-large-jpeg', 'description': ''}];3;['1303 Jefferson Ave Winnipeg MB R2P 1S7']
Restaurant7;Aroma Bistro;KWB,Chinese,Hong Kong,Sichuan,Savory,China;Winnipeg;Aroma Bistro is serving Asian Fusion Food in Winnipeg.;0;0;['https://cdn.doordash.com/media/photosV2/46d5fac0-000d-4c0f-9eb8-12b7a4f31f5e-retina-large.jpg', 'https://cdn.doordash.com/media/photosV2/1d9dacf9-2794-4be8-93df-40ba0809f063-9ad74682-5e84-4c25-bef3-b9f14381151c-retina-large.JPG', 'https://cdn.doordash.com/media/photosV2/be397344-74dd-4ad6-bcb8-053ecec5cdce-retina-large.jpeg'];[{'item_name': 'Aroma Red Chili Oil [350ml]', 'price': 1399, 'image_url': 'https://cdn.doordash.com/media/photosV2/46d5fac0-000d-4c0f-9eb8-12b7a4f31f5e-retina-large.jpg', 'description': 'Aroma Signature Red Chill Oil Sauce contains ingredients such as garlic, soy, sugar that can bring your food into the next level with multiple layers of flavours.'}, {'item_name': '[Frozen] Aroma Red Chili Oil Wontons | 20pcs', 'price': 1399, 'image_url': 'https://cdn.doordash.com/media/photosV2/1d9dacf9-2794-4be8-93df-40ba0809f063-9ad74682-5e84-4c25-bef3-b9f14381151c-retina-large.JPG', 'description': 'This Home Chef kit Includes the ready-to-cook frozen wontons, a portion of Aroma Red Chili Oil with Special Sauce and the simple cooking instruction. (Keep the wontons frozen refrigerated)'}, {'item_name': 'Spicy Beef Shank Udon Soup', 'price': 1699, 'image_url': 'https://cdn.doordash.com/media/photosV2/be397344-74dd-4ad6-bcb8-053ecec5cdce-retina-large.jpeg', 'description': 'Sliced Beef Shank, vegetable, tofu buff & Udon, served with Aroma Chili Oil chicken broth as soup base. Topping with sunny Egg and scallion.'}];3;"[""741 St Mary's Rd Winnipeg MB R2M 3N5""]"
Restaurant8;LOCAL Public Eatery;Burgers,Neighbourhood,Drinks,Bar;Winnipeg;We bring family & friends (new & old) together over our favourite things: local craft beer, wine & cocktails, elevated food that comforts the soul, sports & social games.;0;0;['https://cdn.doordash.com/media/photosV2/458617a5-42cc-41a9-9c78-8befa3cb2bbc-retina-large.jpeg', 'https://cdn.doordash.com/media/photos/816c2e86-b0bd-4e74-bc5f-e80a35f1f47e-retina-large.jpg', 'https://cdn.doordash.com/media/photosV2/4f6d7526-11ac-4771-9273-ab87b3f4d580-retina-large.jpeg'];[{'item_name': 'Pinche Beef Tacos', 'price': 1250, 'image_url': 'https://cdn.doordash.com/media/photosV2/458617a5-42cc-41a9-9c78-8befa3cb2bbc-retina-large.jpeg', 'description': 'Three slow-cooked beef tacos, shredded cabbage, feta & cilantro'}, {'item_name': 'Fresh Tortilla Chips & Salsa Roja', 'price': 775, 'image_url': 'https://cdn.doordash.com/media/photos/816c2e86-b0bd-4e74-bc5f-e80a35f1f47e-retina-large.jpg', 'description': ''}, {'item_name': 'Cheese Perogies', 'price': 1250, 'image_url': 'https://cdn.doordash.com/media/photosV2/4f6d7526-11ac-4771-9273-ab87b3f4d580-retina-large.jpeg', 'description': 'Potato & cheddar cheese filled, bacon & caramelized onions'}];3;['274 Garry St Winnipeg MB R3C 1H3']
Restaurant9;Earls Kitchen + Bar;Pizza,Canadian,Drinks,Burgers,Pasta;Winnipeg;Earls Kitchen + Bar is a Canadian-based sleek, upscale chain serving gourmet burgers, global comfort food, cocktails, wines & beers. Each location has a menu that's curated just for them.;0;0;['https://cdn.doordash.com/media/photosV2/82b94768-8c34-48ed-944e-d89419e10ff8-retina-large.jpeg', 'https://cdn.doordash.com/media/photosV2/0a62940e-a2aa-41b2-9c8c-c1d01287e369-retina-large.jpeg', 'https://cdn.doordash.com/media/photosV2/abf057a7-25da-444f-9bf5-1fb689a5e175-retina-large.jpeg'];[{'item_name': 'Santa Fe Salad', 'price': 1825, 'image_url': 'https://cdn.doordash.com/media/photosV2/82b94768-8c34-48ed-944e-d89419e10ff8-retina-large.jpeg', 'description': 'CHOOSE YOUR PROTEIN OPTION.\n\nAvocado, feta, black beans, corn, dates, pico de gallo, peanut lime vinaigrette'}, {'item_name': 'Mother Earth Bowl', 'price': 1975, 'image_url': 'https://cdn.doordash.com/media/photosV2/0a62940e-a2aa-41b2-9c8c-c1d01287e369-retina-large.jpeg', 'description': 'Mixed greens, yam, cauliflower, quinoa, almonds, broccoli pesto, white balsamic vinaigrette'}, {'item_name': 'Cajun Chicken Caesar', 'price': 2150, 'image_url': 'https://cdn.doordash.com/media/photosV2/abf057a7-25da-444f-9bf5-1fb689a5e175-retina-large.jpeg', 'description': 'Cajun chicken, romaine, croutons, caesar dressing'}];3;"['1455 Portage Ave Winnipeg MB R3G 3R1', ""1215 St Mary's Rd Winnipeg MB R2M 5L5"", '300 Main St #100 Winnipeg MB R3B 1B6']"
Restaurant10;Korean Garden;Korean;Winnipeg;Traditional korean food. Cook with love and patient.;0;0;['https://cdn.doordash.com/media/photos/a706e2a0-b245-440a-adc5-fc42bb66e31e-retina-large-jpeg', 'https://cdn.doordash.com/media/photos/bfe61ca8-166d-4d5f-b49d-c913b67ada01-retina-large-jpeg', 'https://cdn.doordash.com/media/photos/90a98f71-ed93-43c9-9419-40f468e6d452-retina-large-jpeg'];[{'item_name': '202. Sushi Bento(Lunch)', 'price': 1695, 'image_url': 'https://cdn.doordash.com/media/photos/a706e2a0-b245-440a-adc5-fc42bb66e31e-retina-large-jpeg', 'description': 'Miso soup, tempura, Salad, 6 Pc assorted sashimi, 3 Pc sushi nigiri, Alaska roll.'}, {'item_name': '39. Takoyaki', 'price': 755, 'image_url': 'https://cdn.doordash.com/media/photos/bfe61ca8-166d-4d5f-b49d-c913b67ada01-retina-large-jpeg', 'description': 'Deep fired tempura battered octopus ball with teriyaki sauce and tuna takes.'}, {'item_name': 'Gamjatang', 'price': 1395, 'image_url': 'https://cdn.doordash.com/media/photos/90a98f71-ed93-43c9-9419-40f468e6d452-retina-large-jpeg', 'description': 'Pork neck bone soup.'}];3;['1399 McPhillips St Winnipeg MB R2V 3C4']
Restaurant11;Nuburger;Burgers,Fast Food;Winnipeg;Feelin' Saucy? Take Your Favourite Sauce Home.;0;0;['https://cdn.doordash.com/media/photosV2/1fed9700-9434-4949-ad1b-945774650eed-b3f751fc-39d1-4aad-bdf6-24741d9ee442-retina-large.JPG', 'https://cdn.doordash.com/media/photosV2/d93b2b4a-2cf4-49dc-a625-d11810cc9d84-ce1971c6-cbcf-4333-a9b0-1237859ba0f6-retina-large.JPG', 'https://cdn.doordash.com/media/photosV2/52cdc604-02a3-474b-9c48-a2a9b6387b17-36bc6dc8-b6ea-496f-a4d1-bc98ac6a0962-retina-large.JPG'];[{'item_name': 'A PARADE OF SNICKERDOODLES (6x)', 'price': 1350, 'image_url': 'https://cdn.doordash.com/media/photosV2/1fed9700-9434-4949-ad1b-945774650eed-b3f751fc-39d1-4aad-bdf6-24741d9ee442-retina-large.JPG', 'description': ''}, {'item_name': 'A PARADE OF COOKIES (6x)', 'price': 1350, 'image_url': 'https://cdn.doordash.com/media/photosV2/d93b2b4a-2cf4-49dc-a625-d11810cc9d84-ce1971c6-cbcf-4333-a9b0-1237859ba0f6-retina-large.JPG', 'description': ''}, {'item_name': 'THEM SNICKERDOODLES (4x)', 'price': 1000, 'image_url': 'https://cdn.doordash.com/media/photosV2/52cdc604-02a3-474b-9c48-a2a9b6387b17-36bc6dc8-b6ea-496f-a4d1-bc98ac6a0962-retina-large.JPG', 'description': ''}];3;['1 Forks Market Road Winnipeg MB R3C 4L9']
Restaurant12;Wendy's;Burgers,Fast Food, Milk Shakes;Winnipeg;We Believe in Quality. Inside and Out. We Run on our Values.;0;0;['https://cdn.doordash.com/media/photosV2/a8dc5968-a197-4470-ad47-2627aedcd02f-retina-large.jpg', 'https://cdn.doordash.com/media/photosV2/ba116bfb-3fd6-48b4-bdcb-7ad9ad6668ff-retina-large.jpg', 'https://cdn.doordash.com/media/photosV2/cbc8a702-d4bd-490d-9ce7-4f4c1cb943a8-retina-large.jpg'];"[{'item_name': 'Classic Chicken Sandwich (Cals: 480)', 'price': 953, 'image_url': 'https://cdn.doordash.com/media/photosV2/a8dc5968-a197-4470-ad47-2627aedcd02f-retina-large.jpg', 'description': 'A juicy, lightly breaded crispy chicken breast with crunchy lettuce, tomato, mayo, and the perfect pickles, all on a toasted bun. It’s a flawless blend of nostalgia and excitement—kinda like your all-time favorite song, only better ‘cause you can eat it.'}, {'item_name': 'Spicy Chicken Sandwich (Cals: 450)', 'price': 953, 'image_url': 'https://cdn.doordash.com/media/photosV2/ba116bfb-3fd6-48b4-bdcb-7ad9ad6668ff-retina-large.jpg', 'description': ""A juicy, all white meat chicken breast marinated and breaded in Wendy's unique, fiery blend of peppers and spices to deliver more flavour inside and out — cooled down with crisp lettuce, tomato, and mayo. It’s the original spicy chicken sandwich and the one you crave.""}, {'item_name': 'Grilled Chicken Sandwich (Cals: 340)', 'price': 953, 'image_url': 'https://cdn.doordash.com/media/photosV2/cbc8a702-d4bd-490d-9ce7-4f4c1cb943a8-retina-large.jpg', 'description': 'An herb-marinated all white meat grilled chicken breast topped with honey mustard, crisp lettuce, and tomato, served on a warm, toasted bun. See if it isn’t the best chicken sandwich you’ve ever had.'}]";3;['650 ST. JAMES STREET WINNIPEG MB R3G 3J5']
Restaurant13;Popeyes Louisiana Kitchen;Halal,Chicken,Fast Food;Winnipeg;Popeyes® culinary heritage is built upon the rich Cajun and creole flavor profiles that are unmistakably Louisiana. We continuously draw upon and celebrate this heritage to inspire new, authentic menu creations the world craves.;0;0;['https://cdn.doordash.com/media/photosV2/e216e127-d47c-4303-9916-41b4b697bffe-retina-large.JPG', 'https://cdn.doordash.com/media/photos/f07eb5cb-6bcd-4a7b-8b07-884300d67632-retina-large-jpeg', 'https://cdn.doordash.com/media/photos/5cfaa321-ce74-42f7-af35-d03d74488567-retina-large-jpeg'];[{'item_name': 'Strawberry Cheesecake', 'price': 599, 'image_url': 'https://cdn.doordash.com/media/photosV2/e216e127-d47c-4303-9916-41b4b697bffe-retina-large.JPG', 'description': 'A classic, creamy cheesecake mixed with strawberries on top of a graham cracker crust'}, {'item_name': 'Deluxe Chicken Sandwich ', 'price': 1049, 'image_url': 'https://cdn.doordash.com/media/photos/f07eb5cb-6bcd-4a7b-8b07-884300d67632-retina-large-jpeg', 'description': 'Our hand battered and breaded juicy chicken breast filet served on a buttery toasted brioche bun with crisp, barrel-cured pickles, lettuce, and tomato. Available in Classic or Spicy. '}, {'item_name': 'Deluxe Chicken Sandwich Platter', 'price': 1729, 'image_url': 'https://cdn.doordash.com/media/photos/5cfaa321-ce74-42f7-af35-d03d74488567-retina-large-jpeg', 'description': 'Our hand battered and breaded juicy chicken breast filet served on a buttery toasted brioche bun with crisp, barrel-cured pickles, lettuce, and tomato. Available in Classic or Spicy. Includes two regular sides and drink.'}];3;['605 Sterling Lyon Parkway Winnipeg MB R3G 0W9']
Restaurant14;PC Express​​​​™ Rapid Delivery;Convenience,Fast,Superstore,No Frills;Winnipeg;We have anything you want and deliver it to you. Anything? Yes, ANYTHING.;0;0;[];[];0;['80 Bison Dr Winnipeg MB R3T 4Z7']
Restaurant15;Wako Sushi Cafe;Sushi,Japanese;Winnipeg;Fresh ingredients and Amazing taste make life more colorful.;0;0;['https://cdn.doordash.com/media/photos/352637d1-2b4b-4e1b-acc1-f2cf04d9848c-retina-large.jpg', 'https://cdn.doordash.com/media/photos/193f5d8c-6cef-4617-97ad-393a9e1c5f30-retina-large.jpg', 'https://cdn.doordash.com/media/photos/7d068c07-0b3b-4db4-86de-154c3e6ac4c8-retina-large.jpg'];[{'item_name': '41. Wako Roll (8 Pieces)', 'price': 1250, 'image_url': 'https://cdn.doordash.com/media/photos/352637d1-2b4b-4e1b-acc1-f2cf04d9848c-retina-large.jpg', 'description': 'Deep fried shrimp, cream cheese, creamy mayo, orange fish eggs, topped with sliced avocado, deep fried sweet potato, with sweet teriyaki sauce and chili sauce. One order comes with eight pieces.'}, {'item_name': '44. Tuna Lover Roll (8 Pieces)', 'price': 1450, 'image_url': 'https://cdn.doordash.com/media/photos/193f5d8c-6cef-4617-97ad-393a9e1c5f30-retina-large.jpg', 'description': 'Fresh spicy tuna, diced avocado, sliced cucumber, red fish eggs, wrapped with fresh tuna and hot sauce. One order comes with eight pieces.'}, {'item_name': '38. Dragon Roll (8 Pieces)', 'price': 1199, 'image_url': 'https://cdn.doordash.com/media/photos/7d068c07-0b3b-4db4-86de-154c3e6ac4c8-retina-large.jpg', 'description': 'Tempura shrimp roll topped with fresh eel and savoury eel sauce. One order comes with eight pieces.'}];3;['875 Corydon Ave Winnipeg MB R3M']
Restaurant16;Logan Corner Restaurant;Chicken,Chinese,China;Winnipeg;We are one of the best Chinese restaurants in Winnipeg, specializing in providing customers with fast and delicious Chinese food and Asian cuisine. Try their amazing seafood, meat, or vegetarian dishes – whatever your preference, they make it delicious!;0;0;['https://cdn.doordash.com/media/photosV2/80d38da5-c420-4556-8e75-5528aef7ef4f-retina-large.JPG', 'https://cdn.doordash.com/media/photos/771a50b1-a321-4c49-a597-a32e2ad1a226-retina-large-jpeg', 'https://cdn.doordash.com/media/photosV2/ec2afc1a-7878-4d76-ba34-f8f56ae2c468-retina-large.JPG'];[{'item_name': '120. Deep-Fried Bean Curd with Spice Salt / 椒盐豆腐', 'price': 1325, 'image_url': 'https://cdn.doordash.com/media/photosV2/80d38da5-c420-4556-8e75-5528aef7ef4f-retina-large.JPG', 'description': 'Spicy. Hot and spicy. Vegetarian dish with deep fried bean curds. / 辣.'}, {'item_name': '84. Crab Meat with Fish Maw Soup / 蟹肉鱼肚更', 'price': 1295, 'image_url': 'https://cdn.doordash.com/media/photos/771a50b1-a321-4c49-a597-a32e2ad1a226-retina-large-jpeg', 'description': ''}, {'item_name': '96. Pan-Fried Pork Dumplings /  香煎锅贴', 'price': 1225, 'image_url': 'https://cdn.doordash.com/media/photosV2/ec2afc1a-7878-4d76-ba34-f8f56ae2c468-retina-large.JPG', 'description': 'One order comes with eight dumplings.'}];3;['247 Logan Avenue Winnipeg MB R3B 0K9']
Restaurant17;Happy Lemon;Bubble Tea, Drinks;Winnipeg;Do you want Happy? Our drinks can fulfill what you need.;0;0;['https://cdn.doordash.com/media/photos/406745c4-eaf0-490d-ac83-2af66d61d350-retina-large.jpg', 'https://cdn.doordash.com/media/photosV2/70ca00a9-d666-494c-bcf1-6fd6f1d7f57b-retina-large.JPG', 'https://cdn.doordash.com/media/photos/cd6e20ab-8b9b-423f-9ccd-fea755cf72af-retina-large.jpg'];[{'item_name': 'Avocado Slushy', 'price': 839, 'image_url': 'https://cdn.doordash.com/media/photos/406745c4-eaf0-490d-ac83-2af66d61d350-retina-large.jpg', 'description': 'fresh avocado slushy with out any topping. \nadditonal topping may change its taste, due to the delivery time spends.'}, {'item_name': 'Avocado Matcha Smoothie (Large)', 'price': 925, 'image_url': 'https://cdn.doordash.com/media/photosV2/70ca00a9-d666-494c-bcf1-6fd6f1d7f57b-retina-large.JPG', 'description': 'fresh avocado in matcha slushy. sugar level unadjustable. with no topping. It also can called “Avocado Matcha Latte”'}, {'item_name': 'Mango Matcha Smoothie (Large)', 'price': 920, 'image_url': 'https://cdn.doordash.com/media/photos/cd6e20ab-8b9b-423f-9ccd-fea755cf72af-retina-large.jpg', 'description': 'real mango in matcha slushy. sugar level unadjustable. with no topping. It also can called “Mango Matcha Latter”'}];3;['1600 Ness Ave A Winnipeg MB R3J 3W6']
Restaurant18;Little Viet;Bubble Tea,Vietnamese;Winnipeg;Bubble Tea? Come Little Viet, we have the best drinks on earth.;0;0;['https://cdn.doordash.com/media/photos/1a1796a0-ffba-4188-b200-9d7b0f063ab4-retina-large-jpeg', 'https://cdn.doordash.com/media/photos/3be37eb4-cda4-4689-b44d-7052b0c79604-retina-large-jpeg', 'https://cdn.doordash.com/media/photos/f8265d90-c16e-4149-8eed-e097b8077072-retina-large-jpeg'];[{'item_name': 'Deep Blue Ocean', 'price': 625, 'image_url': 'https://cdn.doordash.com/media/photos/1a1796a0-ffba-4188-b200-9d7b0f063ab4-retina-large-jpeg', 'description': 'Recommended. Passion fruit and blue ocean syrup.'}, {'item_name': 'Strawberry series', 'price': 625, 'image_url': 'https://cdn.doordash.com/media/photos/3be37eb4-cda4-4689-b44d-7052b0c79604-retina-large-jpeg', 'description': ''}, {'item_name': 'Salted Cloudy cheese with Caramel Creamy Milo', 'price': 714, 'image_url': 'https://cdn.doordash.com/media/photos/f8265d90-c16e-4149-8eed-e097b8077072-retina-large-jpeg', 'description': ''}];3;['2565 Portage Ave Winnipeg MB R3J 0P4']
Restaurant19;Mama Nors Kitchen;Filipino,Philippines,Catering;Winnipeg;Try our best home-made Filipino cuisine here in Winnipeg. Our selections of food are best for get to.;0;0;['https://cdn.doordash.com/media/photos/3d0c7b99-5fa2-4102-9f44-fff84f20eeba-retina-large-jpeg', 'https://cdn.doordash.com/media/photos/f513f3d1-cfcd-4ac7-9138-20029beeafac-retina-large.jpg', 'https://cdn.doordash.com/media/photos/7bc6052c-0dfd-4364-b1c2-16cccec0a8eb-retina-large.jpg'];[{'item_name': 'Regular Combo', 'price': 1400, 'image_url': 'https://cdn.doordash.com/media/photos/3d0c7b99-5fa2-4102-9f44-fff84f20eeba-retina-large-jpeg', 'description': 'A combination of two proteins of your choice, garlic fried rice, 2 pieces of eggs with your choice of preparation, side garnish, cucumber, and tomato.\n\nSample: (1) Longganisa & Biya (2) Hotdog & Tocino (3) Porkchop & Porkchop'}, {'item_name': 'Chopsilog', 'price': 1000, 'image_url': 'https://cdn.doordash.com/media/photos/f513f3d1-cfcd-4ac7-9138-20029beeafac-retina-large.jpg', 'description': 'Chopped porkchop, garlic fried rice, 2 pieces of eggs with your choice of preparation, side garnish, cucumber, tomato and MamaNors vinegar.'}, {'item_name': 'Chixsilog', 'price': 1000, 'image_url': 'https://cdn.doordash.com/media/photos/7bc6052c-0dfd-4364-b1c2-16cccec0a8eb-retina-large.jpg', 'description': 'Fried Chicken, garlic fried rice, 2 pieces of eggs with your choice of preparation, side garnish, cucumber, tomato and sweet chili sauce.'}];3;['642 Leila Ave Winnipeg MB R2V 3N7']
Restaurant20;Poke Mono;Poke,Hawaiian,Bowls,Chicken;Winnipeg;Japanese and Hawaiian Restaurant in Winnipeg;0;0;['https://cdn.doordash.com/media/photos/ef246b23-4ccd-489e-b309-32cc386a2e15-retina-large.jpg', 'https://cdn.doordash.com/media/photos/17cd57b9-0b0c-45b0-838b-aa11171a8c42-retina-large.jpg', 'https://cdn.doordash.com/media/photos/c693bc61-a3c6-4156-8d36-a8be8dc1f170-retina-large.jpg'];[{'item_name': 'Classic Tuna Bowl', 'price': 1495, 'image_url': 'https://cdn.doordash.com/media/photos/ef246b23-4ccd-489e-b309-32cc386a2e15-retina-large.jpg', 'description': '2 scoops of tuna, avocado, cucumber, red radish, edamame, corn, seaweed salad, wasabi mayo and gochu aioli sauce, crispy onion and sesame seeds on top\nEnjoy Your Poké :)'}, {'item_name': 'P.M Salmon Bowl', 'price': 1495, 'image_url': 'https://cdn.doordash.com/media/photos/17cd57b9-0b0c-45b0-838b-aa11171a8c42-retina-large.jpg', 'description': '2 scoops of salmon, avocado, red cabbage, corn, carrots, mango, wasabi mayo and spicy mayo sauce, crispy onion and sesame seeds on top\nEnjoy Your Poké :)'}, {'item_name': 'Tropical Storm Bowl', 'price': 1295, 'image_url': 'https://cdn.doordash.com/media/photos/c693bc61-a3c6-4156-8d36-a8be8dc1f170-retina-large.jpg', 'description': 'shrimp, mango, edamame, red pepper, pineapple, cucumber, sesame and teriyaki sauce, crispy onion and sesame seeds on top\nEnjoy Your Poké :)'}];3;['77 Edmonton St Winnipeg MB R3C 4H8']
Restaurant21;Leopold's Tavern;Burgers,Pub,Drinks,Fries;Winnipeg;Classic neighbourhood bar. We love good food, good beer and our community!;0;0;['https://cdn.doordash.com/media/photosV2/3176710b-e1cc-4510-bad4-5989aa0bb3a5-retina-large.jpg', 'https://cdn.doordash.com/media/photosV2/727f782b-e46d-4784-b318-29cb3194f3d4-retina-large.jpg', 'https://cdn.doordash.com/media/photosV2/9a8af3e7-658a-4eba-b91d-43cb3699d948-retina-large.jpg'];[{'item_name': 'Fried Pickles', 'price': 1300, 'image_url': 'https://cdn.doordash.com/media/photosV2/3176710b-e1cc-4510-bad4-5989aa0bb3a5-retina-large.jpg', 'description': 'Deep-fried pickle spears with choice of dip.'}, {'item_name': 'Wings', 'price': 1900, 'image_url': 'https://cdn.doordash.com/media/photosV2/727f782b-e46d-4784-b318-29cb3194f3d4-retina-large.jpg', 'description': 'Tossed in your choice of flavour with choice of dip.'}, {'item_name': 'Classic Cheeseburger', 'price': 1950, 'image_url': 'https://cdn.doordash.com/media/photosV2/9a8af3e7-658a-4eba-b91d-43cb3699d948-retina-large.jpg', 'description': 'House-made chuck patty with white cheddar, lettuce, tomato, pickles, onions and mayo on a house bun. Choice of side.'}];3;['696 Osborne St Winnipeg MB R3L2B9']
Restaurant22;Harvey's;Burgers,Fast Food;Winnipeg;The home of flame-grilled burgers made with 100% Canadian beef and topped the way you want it! Over 250 million ways to make your burger a beautiful thing!;0;0;['https://cdn.doordash.com/media/photos/dbad68c3-022b-4cdb-8be2-72de20bc10e1-retina-large-jpeg', 'https://cdn.doordash.com/media/photos/133ad9f5-feed-4b19-a5eb-680485672509-retina-large-jpeg', 'https://cdn.doordash.com/media/photos/0697dee8-0d70-4152-899f-ebdd8c7f57b3-retina-large-jpeg'];"[{'item_name': 'Grilled Hot Dog Combo', 'price': 1019, 'image_url': 'https://cdn.doordash.com/media/photos/dbad68c3-022b-4cdb-8be2-72de20bc10e1-retina-large-jpeg', 'description': '100% Canadian, all beef Hot Dog. Served with your choice of a side and a drink.'}, {'item_name': 'Buffalo Chicken Wrap Combo', 'price': 1489, 'image_url': 'https://cdn.doordash.com/media/photos/133ad9f5-feed-4b19-a5eb-680485672509-retina-large-jpeg', 'description': 'Crispy Buffalo Chicken plus your choice of toppings and sauces, all wrapped together in a grilled flour tortilla. Made with 100% Canadian Chicken. Served with your choice of a side and a drink.'}, {'item_name': 'Chicken Strips (4)', 'price': 1069, 'image_url': 'https://cdn.doordash.com/media/photos/0697dee8-0d70-4152-899f-ebdd8c7f57b3-retina-large-jpeg', 'description': ""Try Harvey's juicy white meat chicken strips, ruffle coated for an extra crunch. Customize your chicken strips with one of Harvey's tasty dipping sauces.""}]";3;['600 Portage Avenue Winnipeg MB R3C 3L7']
Restaurant23;Tim Hortons;Coffee,Donuts,Fast Food,Drinks,Sandwiches,Canadian;Winnipeg;Tim Hortons is the perfect place to go for freshly brewed coffee. Our coffee is made with 100% Arabica beans, sourced from the world's most renowned growing regions. We also offer specialty beverages including lattes, cappuccinos, espresso, iced and frozen coffee, hot chocolate, tea and real fruit Quenchers.;0;0;['https://cdn.doordash.com/media/photosV2/2fa5eccf-8643-4863-a680-14984115f87c-retina-large.jpg', 'https://cdn.doordash.com/media/photosV2/7334ae05-f6eb-457e-be58-935bd97c5f28-retina-large.jpg', 'https://cdn.doordash.com/media/photosV2/2ad5b9e7-b6d2-4a23-bcb9-6bf1cbaaae71-retina-large.jpg'];[{'item_name': 'Iced Latte', 'price': 350, 'image_url': 'https://cdn.doordash.com/media/photosV2/2fa5eccf-8643-4863-a680-14984115f87c-retina-large.jpg', 'description': ''}, {'item_name': 'Mocha Iced Capp', 'price': 443, 'image_url': 'https://cdn.doordash.com/media/photosV2/7334ae05-f6eb-457e-be58-935bd97c5f28-retina-large.jpg', 'description': ''}, {'item_name': 'Caramel Iced Capp', 'price': 443, 'image_url': 'https://cdn.doordash.com/media/photosV2/2ad5b9e7-b6d2-4a23-bcb9-6bf1cbaaae71-retina-large.jpg', 'description': ''}];3;['570 Pembina Hwy Winnipeg MB R3M 2M5']
Restaurant24;Naru Sushi Japanese Restaurant;Sushi,Japanese;Winnipeg;Naru Sushi Japanese Restaurant welcomes you to their establishment;0;0;['https://cdn.doordash.com/media/photosV2/76be89f5-6bda-4d77-97e8-a23ac6d0261c-retina-large.JPG', 'https://cdn.doordash.com/media/photosV2/f20db16b-5a08-4b3a-ad49-79aeb56a29fd-retina-large.JPG', 'https://cdn.doordash.com/media/photosV2/d63ade48-9516-49d6-b271-414a96aa80ba-retina-large.JPG'];[{'item_name': 'Croquette', 'price': 400, 'image_url': 'https://cdn.doordash.com/media/photosV2/76be89f5-6bda-4d77-97e8-a23ac6d0261c-retina-large.JPG', 'description': 'Crisp-fried mashed potatoes and corn, served with a tasty mayo and teriyaki sauce.'}, {'item_name': 'Sushi Pizza', 'price': 850, 'image_url': 'https://cdn.doordash.com/media/photosV2/f20db16b-5a08-4b3a-ad49-79aeb56a29fd-retina-large.JPG', 'description': 'Crisp-fried rice cake patty topped with salmon sashimi, fish eggs, avocado, tempura crumbs, unagi sauce, and creamy mayo.'}, {'item_name': 'Chicken Salad', 'price': 850, 'image_url': 'https://cdn.doordash.com/media/photosV2/d63ade48-9516-49d6-b271-414a96aa80ba-retina-large.JPG', 'description': 'Crisp-fried chicken breast served with mixed greens in a homemade honey mustard dressing.'}];3;['159 Osborne St Winnipeg MB R3L 1Y7']
Restaurant25;Stella's;Breakfast,Bakery,Cafe,Brunch;Winnipeg;Stella’s… inspired taste & healthy ingredients. The right way. Scratch-made everything from bread, soups, desserts, even the mayonnaise;0;0;['https://cdn.doordash.com/media/photos/29d928b2-e193-4fe3-b581-15f205b5c769-retina-large.jpg', 'https://cdn.doordash.com/media/photos/6814cb9e-044f-4c48-8c02-ae9035e98c2a-retina-large.jpg', 'https://cdn.doordash.com/media/photos/e7aaded2-e781-4709-9e0d-f0ec6fbd6922-retina-large.jpg'];[{'item_name': 'Mexican Breakfast', 'price': 1645, 'image_url': 'https://cdn.doordash.com/media/photos/29d928b2-e193-4fe3-b581-15f205b5c769-retina-large.jpg', 'description': 'two sunny side eggs, soft corn tortillas, refried beans, cheddar cheese, green onion and tomato. With salsa, guacamole, cilantro sauce and hash browns'}, {'item_name': 'Chicken Provolone', 'price': 1895, 'image_url': 'https://cdn.doordash.com/media/photos/6814cb9e-044f-4c48-8c02-ae9035e98c2a-retina-large.jpg', 'description': 'oven roasted chicken, provolone cheese, cucumber, lettuce, tomato & rémoulade on toasted multigrain.'}, {'item_name': 'Pepper Jelly, Chicken & Brie', 'price': 1895, 'image_url': 'https://cdn.doordash.com/media/photos/e7aaded2-e781-4709-9e0d-f0ec6fbd6922-retina-large.jpg', 'description': 'oven roasted chicken, brie cheese, pesto mayonnaise, pepper jelly and arugula on golden grilled sourdough.'}];3;['460 Portage Ave Winnipeg MB R3C 0E8']
Restaurant26;Lamar Donair & Burgers;Wraps,Shwarma, Falafel, Middle Eastern;Winnipeg;Lamar Donair & Burgers is a privately held restaurant in Winnipeg, MB, that services delicious Halal & Middle Eastern Food to all of Winnipeg. We specialize in Middle Eastern Food, Catering, Chicken Fingers, Wraps, Burgers, Salads, Falafel, Mediterranean Food, Halal Food, and Poutine.;0;0;['https://cdn.doordash.com/media/photos/1ff2e95d-c2aa-4f1e-9b6b-5fda0652d2c8-retina-large-jpeg', 'https://cdn.doordash.com/media/photos/9ce518b8-71ed-445c-b18d-1033775734c1-retina-large-jpeg', 'https://cdn.doordash.com/media/photos/49564d8f-b29f-46e0-a8e3-7f9b53391f61-retina-large-jpeg'];[{'item_name': 'Greek Salad', 'price': 1199, 'image_url': 'https://cdn.doordash.com/media/photos/1ff2e95d-c2aa-4f1e-9b6b-5fda0652d2c8-retina-large-jpeg', 'description': 'Lettuce, Tomatoes, Onions, Cucumber, dressed with olive oil, lemon juice, dried oregano, salt & pepper, topped with Feta cheese and kalamata olives'}, {'item_name': 'French Fries', 'price': 599, 'image_url': 'https://cdn.doordash.com/media/photos/9ce518b8-71ed-445c-b18d-1033775734c1-retina-large-jpeg', 'description': 'Half pound of golden thick cut fries'}, {'item_name': 'Chicken Nuggets', 'price': 599, 'image_url': 'https://cdn.doordash.com/media/photos/49564d8f-b29f-46e0-a8e3-7f9b53391f61-retina-large-jpeg', 'description': '6 or 10 pieces of Crispy Chicken Nuggets with your choice of dipping sauce'}];3;['17-160 Meadowood Dr Winnipeg MB R2M 5L6']
Restaurant27;Magic Sushi & Wok;Sushi,Japanese;Winnipeg;Come enjoy a savory dish at Magic Sushi & Wok. Explore a menu featuring a variety of sushi.;0;0;['https://cdn.doordash.com/media/photos/7dfb82ed-cef8-4b80-ad9a-1dc1b0f2fb91-retina-large.jpg', 'https://cdn.doordash.com/media/photos/5b757da0-3556-4f06-b9b6-3aed93cccbdd-retina-large.jpg', 'https://cdn.doordash.com/media/photos/d70935d5-4785-46a0-83f6-60348e3f7172-retina-large.jpg'];[{'item_name': 'California Maki Roll', 'price': 495, 'image_url': 'https://cdn.doordash.com/media/photos/7dfb82ed-cef8-4b80-ad9a-1dc1b0f2fb91-retina-large.jpg', 'description': ''}, {'item_name': 'Spider Maki Roll', 'price': 495, 'image_url': 'https://cdn.doordash.com/media/photos/5b757da0-3556-4f06-b9b6-3aed93cccbdd-retina-large.jpg', 'description': 'A savoury combination of soft-shell crab, avocado, and vegetables.'}, {'item_name': 'Gyoza (6pcs)', 'price': 695, 'image_url': 'https://cdn.doordash.com/media/photos/d70935d5-4785-46a0-83f6-60348e3f7172-retina-large.jpg', 'description': ''}];3;['272 McPhillips St Winnipeg MB R3E 2K6']
Restaurant28;Honu Poke;Poke, Hawaiian;Winnipeg;We want to give you a great excuse to have a poke bowl every day. Vibrant and Healthy bowls that give you energy to seize the day.;0;0;['https://cdn.doordash.com/media/photosV2/ae0c3330-ce36-41ea-b971-45254234aa64-retina-large.jpeg', 'https://cdn.doordash.com/media/photosV2/d46da10e-1fbb-405e-90d6-280c975a3a47-retina-large.jpeg', 'https://cdn.doordash.com/media/photosV2/f8ee4aa8-096d-47dd-bbbb-479326858aa6-retina-large.jpeg'];[{'item_name': 'Crispy Moa', 'price': 1499, 'image_url': 'https://cdn.doordash.com/media/photosV2/ae0c3330-ce36-41ea-b971-45254234aa64-retina-large.jpeg', 'description': 'Triple threat sauce, crispy breaded chicken,\ncucumbers, edamame beans, mixed greens,\navocado, carrots.'}, {'item_name': 'Crispy Opae', 'price': 1499, 'image_url': 'https://cdn.doordash.com/media/photosV2/d46da10e-1fbb-405e-90d6-280c975a3a47-retina-large.jpeg', 'description': 'Honey sriracha sauce, crispy breaded\nshrimp, avocado, mixed\ngreens, corns, jalapeno slices.'}, {'item_name': 'Honu Lulu', 'price': 1599, 'image_url': 'https://cdn.doordash.com/media/photosV2/f8ee4aa8-096d-47dd-bbbb-479326858aa6-retina-large.jpeg', 'description': 'Yuzu salmon poké, mango, shaved\nonion, furikake, cucumber, edamame,\nonion chip, avocado.'}];3;['190 Smith St WINNIPEG MANITOBA R3C 1J8']
Restaurant29;Thida's Thai Restaurant;Thai;Winnipeg;Great lunch specials. Get to choose level of spice. You could drink gallon of the peanut sauce;0;0;['https://cdn.doordash.com/media/photos/ec422388-8407-4fef-aa16-97a59658c68a-retina-large.jpg', 'https://cdn.doordash.com/media/photos/ec422388-8407-4fef-aa16-97a59658c68a-retina-large.jpg', 'https://cdn.doordash.com/media/photosV2/1c4fe677-8172-4777-8a22-e28ee08dd3cd-retina-large.JPEG'];[{'item_name': '2. Spring Rolls (5 Pcs)', 'price': 895, 'image_url': 'https://cdn.doordash.com/media/photos/ec422388-8407-4fef-aa16-97a59658c68a-retina-large.jpg', 'description': 'Deep fry in spring rolls wrapper'}, {'item_name': '1. Rice Rolls (4 Pcs)', 'price': 895, 'image_url': 'https://cdn.doordash.com/media/photos/ec422388-8407-4fef-aa16-97a59658c68a-retina-large.jpg', 'description': 'Rice noodle lettuce, carrot & wrapped in rice paper.'}, {'item_name': '14. Tod Man Pla (6 Pcs)', 'price': 995, 'image_url': 'https://cdn.doordash.com/media/photosV2/1c4fe677-8172-4777-8a22-e28ee08dd3cd-retina-large.JPEG', 'description': 'Fish cake.'}];3;['78 Donald St Winnipeg MB R3C 1L6']
Restaurant30;Burrito del Rio;Burritos, South American, Mexican;Winnipeg;Full on flavour. Mexican Taqueria in the heart of Osborne Village Winnipeg.;0;0;['https://cdn.doordash.com/media/photos/423d09c7-d0b7-48fa-b1e5-ed721e786007-retina-large.jpg', 'https://cdn.doordash.com/media/photos/423d09c7-d0b7-48fa-b1e5-ed721e786007-retina-large.jpg', 'https://cdn.doordash.com/media/photos/26806e0b-9654-4ffa-bea6-1f44c0963ec5-retina-large.jpg'];[{'item_name': 'Carnitas (Medium)', 'price': 1299, 'image_url': 'https://cdn.doordash.com/media/photos/423d09c7-d0b7-48fa-b1e5-ed721e786007-retina-large.jpg', 'description': 'Carnitas mediano pulled pork slow braised in a traditional sauce.'}, {'item_name': 'Carnitas (Large)', 'price': 1525, 'image_url': 'https://cdn.doordash.com/media/photos/423d09c7-d0b7-48fa-b1e5-ed721e786007-retina-large.jpg', 'description': 'Carnitas mediano pulled pork slow braised in a traditional sauce.'}, {'item_name': 'Barbacoa (Medium)', 'price': 1299, 'image_url': 'https://cdn.doordash.com/media/photos/26806e0b-9654-4ffa-bea6-1f44c0963ec5-retina-large.jpg', 'description': 'Tender braised beef slow-cooked ancho chipotle adobo sauce.'}];3;['433 River Ave Winnipeg MB R3L 2V1']
Restaurant31;St. James Burger and Chip;Burgers,Fries;Winnipeg;Award winning burger and fry joint serving the St. James community.;0;0;['https://cdn.doordash.com/media/photos/b8835ae4-6e13-4ef7-80ef-4c2c12106895-retina-large-jpeg', 'https://cdn.doordash.com/media/photos/5df975a3-8247-479a-9b13-7c5a2c9bbfa1-retina-large-jpeg', 'https://cdn.doordash.com/media/photos/9819d95c-5d7c-429a-9f98-b4b37e0fdd2c-retina-large-jpeg'];"[{'item_name': 'Hot or Not Pineapple Bacon Burger and Chips', 'price': 1710, 'image_url': 'https://cdn.doordash.com/media/photos/b8835ae4-6e13-4ef7-80ef-4c2c12106895-retina-large-jpeg', 'description': 'Looking to add a bit of juicy sweetness to your life? Log off Tinder and see how this leaves you feeling. Our bacon-infused beef patty is dressed for the occasion with lettuce, tomato, mayo, Bull’s-Eye BBQ sauce, our hot honey mustard, that glorious Bothwell mozzarella, which melts right over a grilled pineapple slice, and, yes, thicc-cut bacon. If you’re looking for a hot one, we flip that mayo into spicy mayo and add in some hot sauce, Sriracha, and hot peppers.'}, {'item_name': 'Royal Canadian Burger and Chips', 'price': 1710, 'image_url': 'https://cdn.doordash.com/media/photos/5df975a3-8247-479a-9b13-7c5a2c9bbfa1-retina-large-jpeg', 'description': ""Dedicated to St. James' RCAF. Comes with a bacon-infused beef patty on a fresh bun with mozzarella cheese, mayonnaise, lettuce, pickle, tomato, a hashbrown patty, bacon, green onions, pancake syrup, and a drizzle of gravy.""}, {'item_name': 'Marvellous Mushroom Mozzarella Burger and Chips', 'price': 1710, 'image_url': 'https://cdn.doordash.com/media/photos/9819d95c-5d7c-429a-9f98-b4b37e0fdd2c-retina-large-jpeg', 'description': 'You get your thicc-cut bacon, lettuce, tomatoes, and pickles with some Bull’s-Eye BBQ sauce all on our juicy bacon-infused beef patty, but the stars of the show here are our bada** mushroom garlic mix (contains onions), our made-in-house garlic dill aioli, and that delicious Bothwell mozzarella cheese.'}]";3;['1866 Ness Ave Winnipeg MB R3Y 0G1']
Restaurant32;Flying Pizza;Pizza,Italian;Winnipeg;We Are Proud Supporters of Quality, Local Ingredients. Each pizza is handmade using fresh dough everyday. ;0;0;['https://cdn.doordash.com/media/photos/55dd2d3a-bfe0-43a2-8d47-f790da6f646d-retina-large.jpg', 'https://cdn.doordash.com/media/photos/f9b0a7b6-0a1e-4b17-b34c-01302927ffc3-retina-large.jpg', 'https://cdn.doordash.com/media/photos/60b13f03-4977-431b-833c-af058ecfdcc4-retina-large.jpg'];"[{'item_name': '14"" Large Deluxe Pizza', 'price': 2099, 'image_url': 'https://cdn.doordash.com/media/photos/55dd2d3a-bfe0-43a2-8d47-f790da6f646d-retina-large.jpg', 'description': 'Pepperoni, bacon, mushrooms, onions, green peppers and mozzarella cheese.'}, {'item_name': '14"" Large Vegetarian Pizza', 'price': 2099, 'image_url': 'https://cdn.doordash.com/media/photos/f9b0a7b6-0a1e-4b17-b34c-01302927ffc3-retina-large.jpg', 'description': 'Onions, mushrooms, tomatoes, green peppers, green or black olives and mozzarella cheese.'}, {'item_name': '14"" Large Hawaiian Pizza', 'price': 2099, 'image_url': 'https://cdn.doordash.com/media/photos/60b13f03-4977-431b-833c-af058ecfdcc4-retina-large.jpg', 'description': 'Double ham, double pineapple, and extra mozzarella cheese.'}]";3;['1192 Jefferson Ave Winnipeg MB R2P 0C7', '400 Edison Ave Winnipeg MB R2G 0L7', '801 Sargent Ave Winnipeg MB R3E 0B9']
Restaurant33;Dim Sum Kingdom Restaurant;Chinese,Dim Sum,Soup;Winnipeg;Dim Sum Kingdom is famous for its great service and friendly staff, that is always ready to help you.;0;0;['https://cdn.doordash.com/media/photos/3fef5095-c0a4-4f79-85ac-4ab89dd7f2d9-retina-large-jpeg', 'https://cdn.doordash.com/media/photos/537ee7b8-9893-4806-a9de-d037c41e3702-retina-large-jpeg', 'https://cdn.doordash.com/media/photos/5ad3548a-b766-4dad-9972-9cbb9d766be0-retina-large-jpeg'];[{'item_name': '166. Curry Chicken', 'price': 1695, 'image_url': 'https://cdn.doordash.com/media/photos/3fef5095-c0a4-4f79-85ac-4ab89dd7f2d9-retina-large-jpeg', 'description': 'Tender chicken pieces cooked in a spicy curry.'}, {'item_name': '164. Chicken with Broccoli', 'price': 1695, 'image_url': 'https://cdn.doordash.com/media/photos/537ee7b8-9893-4806-a9de-d037c41e3702-retina-large-jpeg', 'description': 'Tender chicken pieces mixed with broccoli.'}, {'item_name': '163. Szechuan Chicken', 'price': 1695, 'image_url': 'https://cdn.doordash.com/media/photos/5ad3548a-b766-4dad-9972-9cbb9d766be0-retina-large-jpeg', 'description': 'Tender chicken pieces in a spicy szechuan sauce.'}];3;['2677 Pembina Hwy Winnipeg MB R3T 2H5']
Restaurant34;Hao Hao Chinese Restaurant;Chinese;Winnipeg;We serve fresh homemade chinese food, with quality and affordability as our goal.;0;0;['https://cdn.doordash.com/media/photosV2/79be0ff6-3cf8-4cef-abe4-d7f79549431d-retina-large.JPG', 'https://cdn.doordash.com/media/photosV2/1bef5c98-c9f7-4bb1-9af2-9b4a25ceffdb-retina-large.JPG', 'https://cdn.doordash.com/media/photosV2/4f66190a-38ff-4cad-934c-062b4af481bd-retina-large.JPG'];[{'item_name': '4. Consommé Soup', 'price': 358, 'image_url': 'https://cdn.doordash.com/media/photosV2/79be0ff6-3cf8-4cef-abe4-d7f79549431d-retina-large.JPG', 'description': ''}, {'item_name': '3. Hot & Sour Soup', 'price': 660, 'image_url': 'https://cdn.doordash.com/media/photosV2/1bef5c98-c9f7-4bb1-9af2-9b4a25ceffdb-retina-large.JPG', 'description': 'Spicy'}, {'item_name': '1. Deluxe Wonton Soup', 'price': 1238, 'image_url': 'https://cdn.doordash.com/media/photosV2/4f66190a-38ff-4cad-934c-062b4af481bd-retina-large.JPG', 'description': 'Thin broth soup with wonton pieces mixed vegetables and proteins'}];3;['1100 Waverley St #1 Winnipeg MB R3T 0P4']
Restaurant35;Junior's Restaurant;Burgers,Fast Food;Winnipeg;Junior’s Restaurant has been a staple of Winnipeg for over 60 years, and since then we have been serving fresh, crispy fries at a great family fare, and juicy gourmet burgers.;0;0;['https://cdn.doordash.com/media/photosV2/b0fc5396-3218-48c1-8624-7c3790417c0b-retina-large.JPG', 'https://cdn.doordash.com/media/photosV2/121e5900-aaa3-4177-82b1-4fd84f886847-retina-large.JPG', 'https://cdn.doordash.com/media/photosV2/8e691443-6a67-468c-b4ee-7106cd417895-retina-large.JPG'];[{'item_name': 'Greek Salad', 'price': 1249, 'image_url': 'https://cdn.doordash.com/media/photosV2/b0fc5396-3218-48c1-8624-7c3790417c0b-retina-large.JPG', 'description': 'Crisp romaine lettuce, cucumbers, kalamata olives, cherry tomatoes, feta cheese, red peppers, and red onions in a tasty Greek dressing.'}, {'item_name': 'Tossed Salad', 'price': 1049, 'image_url': 'https://cdn.doordash.com/media/photosV2/121e5900-aaa3-4177-82b1-4fd84f886847-retina-large.JPG', 'description': 'Crisp romaine lettuce, cucumbers, red onions, red peppers, and cherry tomatoes with your choice of dressing.'}, {'item_name': 'Fat Boy', 'price': 799, 'image_url': 'https://cdn.doordash.com/media/photosV2/8e691443-6a67-468c-b4ee-7106cd417895-retina-large.JPG', 'description': 'One certified angus beef patty topped with chili, onions, mustard, pickles, lettuce, tomato, mayo, and processed cheddar cheese on a sesame seed bun.'}];3;"['1019 McPhillips St Winnipeg MB R2X 2K6', '558 Portage Ave Winnipeg MB R3C 0G3', ""785 St Mary's Rd Winnipeg MB R2M 3N9""]"
Restaurant36;Gongcha;Bubble Tea, Drinks;Winnipeg;Here at Gongcha we serve authentic bubble tea and freshly brewed teas.;0;0;['https://cdn.doordash.com/media/photos/fb96f9c0-bbc5-4f6b-8359-1870e212e3d7-retina-large-jpeg', 'https://cdn.doordash.com/media/photos/3b31a503-a3b3-4d73-b21b-98f831043df9-retina-large.jpg', 'https://cdn.doordash.com/media/photos/75b650e5-5900-4b71-babc-8ad41ef5d378-retina-large.jpg'];[{'item_name': 'Original Egg Waffle', 'price': 600, 'image_url': 'https://cdn.doordash.com/media/photos/fb96f9c0-bbc5-4f6b-8359-1870e212e3d7-retina-large-jpeg', 'description': 'Original Egg Waffle'}, {'item_name': 'Milk Foam Black Forest (Medium Only)', 'price': 600, 'image_url': 'https://cdn.doordash.com/media/photos/3b31a503-a3b3-4d73-b21b-98f831043df9-retina-large.jpg', 'description': 'A dessert. Come with Pearl (Tapioca), Grass Jelly, and Milk Foam. Mostly topping in the cup. Little liquid to drink.'}, {'item_name': 'Panda Milk Foam', 'price': 650, 'image_url': 'https://cdn.doordash.com/media/photos/75b650e5-5900-4b71-babc-8ad41ef5d378-retina-large.jpg', 'description': 'Green tea served with milk foam and oreo on top. Comes with Black Pearls (Tapioca), White Pearl (White Kanten Jelly). No other toppings unless added.'}];3;['1875 Pembina Hwy #4 Winnipeg MB R3T 2G7', '203-121 Osborne St Winnipeg MB R3L 1Y4', '2136 McPhillips St #18 Winnipeg MB R2V 3C8']
Restaurant37;McDonald's;Burgers, Fast Food, Fries, Coffee;Winnipeg;Choose your favourites from the complete McDonald's menu. Browse from a large selection of breakfast, lunch, dinner & more!;0;0;['https://cdn.doordash.com/media/photosV2/b6559647-fafe-4346-a325-52f4a98b944a-retina-large.jpg', 'https://cdn.doordash.com/media/photosV2/038267db-7fde-4f52-b353-ce92200c3fd8-retina-large.jpg', 'https://cdn.doordash.com/media/photosV2/cd76262e-e3d9-4820-a21e-6d156fa21d05-retina-large.jpg'];[{'item_name': 'Egg BLT McMuffin [360.0 Cals]', 'price': 519, 'image_url': 'https://cdn.doordash.com/media/photosV2/b6559647-fafe-4346-a325-52f4a98b944a-retina-large.jpg', 'description': ''}, {'item_name': 'Egg BLT McMuffin Extra Value Meal [710-810 Cals]', 'price': 859, 'image_url': 'https://cdn.doordash.com/media/photosV2/038267db-7fde-4f52-b353-ce92200c3fd8-retina-large.jpg', 'description': ''}, {'item_name': 'Egg McMuffin [290.0 Cals]', 'price': 439, 'image_url': 'https://cdn.doordash.com/media/photosV2/cd76262e-e3d9-4820-a21e-6d156fa21d05-retina-large.jpg', 'description': ''}];3;"[""1501 St Mary's Road Winnipeg MB R2M 5L5"", '2027 Pembina Hwy Winnipeg MB R3T 5W7', 'Southdale Mall 65 Vermillion Rd. Winnipeg MB R2J 3W7', ""144 St Anne's Rd Winnipeg MB R2M 2Z4"", '630 Pembina Hwy, Winnipeg, MB R3M 3J7', '1665 Kenaston Rd McGillivray Blvd Winnipeg MB R3P 2M4', '1725 Kenaston Blvd Winnipeg MB R3Y 1V5', '375 Rte 62 Winnipeg MB R3L 2A2', '664 Portage Ave Winnipeg MB R3G 0M4', '1576 Regent Ave W Winnipeg MB R2C 2Y9', '425 Nathaniel St Winnipeg MB R3M 3X1', '77 Goulet St Winnipeg MB R2H 0R5', '1475 Regent Ave W Winnipeg MB R2C 3B2', '680 Nairn Ave Winnipeg MB R2L 0X7']"
Restaurant38;Juvian's Restaurant;Filipino,Philipines;Winnipeg;Juvian's serves authentic filipino cuisine to the St. James community.;0;0;['https://cdn.doordash.com/media/photos/838bd498-5813-4d98-abae-e9f788eff831-retina-large-jpeg', 'https://cdn.doordash.com/media/photos/70e8c844-ee26-4a91-92f9-052b67ae90e9-retina-large-jpeg', 'https://cdn.doordash.com/media/photos/2576c717-20e5-455c-9543-07d26c7df2ba-retina-large-jpeg'];[{'item_name': 'Tocino', 'price': 1199, 'image_url': 'https://cdn.doordash.com/media/photos/838bd498-5813-4d98-abae-e9f788eff831-retina-large-jpeg', 'description': 'Marinated sweet fried pork. Served with garlic rice and 2 scrambled eggs of your choice.'}, {'item_name': 'Tapa', 'price': 1499, 'image_url': 'https://cdn.doordash.com/media/photos/70e8c844-ee26-4a91-92f9-052b67ae90e9-retina-large-jpeg', 'description': 'Homemade style! Marinated  beef tapa  served with garlic fried rice and 2 scrambled eggs.'}, {'item_name': 'Longganisa', 'price': 1199, 'image_url': 'https://cdn.doordash.com/media/photos/2576c717-20e5-455c-9543-07d26c7df2ba-retina-large-jpeg', 'description': 'Our delicious Filipino style sausage, Sweet & Tangy is served with garlic  fried rice and 2 scrambled eggs.\n'}];3;['1280 Notre Dame Ave Winnipeg MB R3E 3R7']
Restaurant39;Les Saj Restaurant;Shawarma,Middle Eastern;Winnipeg;Les Saj is a fast-casual restaurant that serves Middle Eastern cuisine.;0;0;['https://cdn.doordash.com/media/photosV2/40559014-0591-470e-b6c7-c874ff2442e2-retina-large.JPG', 'https://cdn.doordash.com/media/photosV2/0ad8963d-e785-4a97-8c41-c3cbf8200f20-retina-large.JPG', 'https://cdn.doordash.com/media/photos/bdf5d90d-13b9-4a92-ad98-3a8439734d16-retina-large.jpg'];[{'item_name': 'Hummus', 'price': 899, 'image_url': 'https://cdn.doordash.com/media/photosV2/40559014-0591-470e-b6c7-c874ff2442e2-retina-large.JPG', 'description': 'Vegetarian. Chickpea puree blended with tahini, served with saj bread   '}, {'item_name': 'FaIafeI (5 Pieces)', 'price': 749, 'image_url': 'https://cdn.doordash.com/media/photosV2/0ad8963d-e785-4a97-8c41-c3cbf8200f20-retina-large.JPG', 'description': 'Vegetarian. Ground chickpeas mixed with coriander, parsley and Middle Eastern spices.'}, {'item_name': 'Arabic Chicken Shawarma', 'price': 1599, 'image_url': 'https://cdn.doordash.com/media/photos/bdf5d90d-13b9-4a92-ad98-3a8439734d16-retina-large.jpg', 'description': 'Traditional shawarma made of shredded meat, pickles, few pieces of fries, garlic sauce, cut into bite-sized served with a side of fries, garlic sauce, and mixed pickles.'}];3;['1038 St James St Winnipeg MB R3H 0K5']
Restaurant40;Sushi Hon;Sushi,Japanese;Winnipeg;An authentic Japanese experience.;0;0;['https://cdn.doordash.com/media/photos/628360e2-c6c1-4f4e-8e12-3427f96bdb87-retina-large-jpeg', 'https://cdn.doordash.com/media/photos/abf93e6f-971d-44d9-8836-4c54ef3e2ae4-retina-large-jpeg', 'https://cdn.doordash.com/media/photos/8f8475a6-e4a3-47ae-926c-5764d09919db-retina-large-jpeg'];[{'item_name': '4. Agedashi Tofu (4  Pieces)', 'price': 575, 'image_url': 'https://cdn.doordash.com/media/photos/628360e2-c6c1-4f4e-8e12-3427f96bdb87-retina-large-jpeg', 'description': 'Vegetarian. Deep fried tofu with tempura sauce.'}, {'item_name': '5. Pork Gyoza (4  Pieces)', 'price': 719, 'image_url': 'https://cdn.doordash.com/media/photos/abf93e6f-971d-44d9-8836-4c54ef3e2ae4-retina-large-jpeg', 'description': 'Big sized pork and vegetable dumplings with dipping sauce.'}, {'item_name': '6. Chicken Katsu', 'price': 1035, 'image_url': 'https://cdn.doordash.com/media/photos/8f8475a6-e4a3-47ae-926c-5764d09919db-retina-large-jpeg', 'description': 'Deep fried breaded chicken with teriyaki sauce.'}];3;['120-1570 Kenaston Blvd Winnipeg MB R3P 0Y4']
Restaurant41;Little Korea;Korean;Winnipeg;We have a wide range of Korean foods, from bulgogi to bibimbob, and japchae to toppoki, you’ll enjoy big taste with Little Korea.;0;0;['https://cdn.doordash.com/media/photosV2/4183eeee-f125-40ed-b533-37ff5d374d61-retina-large.JPG', 'https://cdn.doordash.com/media/photosV2/845f4366-6309-415d-b28f-4b45a7222d58-retina-large.JPG', 'https://cdn.doordash.com/media/photosV2/91ee045f-9f13-49c9-82e8-93989b04f882-retina-large.JPG'];[{'item_name': '2. Chicken, Pork, or Vegetable Dumpling (6 Pieces)', 'price': 595, 'image_url': 'https://cdn.doordash.com/media/photosV2/4183eeee-f125-40ed-b533-37ff5d374d61-retina-large.JPG', 'description': 'Six traditional Korean dumplings, filled with your choice of chicken, pork or vegetables.'}, {'item_name': '41. Bibimbap', 'price': 1595, 'image_url': 'https://cdn.doordash.com/media/photosV2/845f4366-6309-415d-b28f-4b45a7222d58-retina-large.JPG', 'description': 'Mixed rice with vegetables, beef and egg.'}, {'item_name': '21. Beef Bulgogi', 'price': 1595, 'image_url': 'https://cdn.doordash.com/media/photosV2/91ee045f-9f13-49c9-82e8-93989b04f882-retina-large.JPG', 'description': 'Marinated thinly sliced beef & vegetables.'}];3;['519 Ellice Avenue Winnipeg MB R3B 1Z1']
Restaurant42;Smoke's Poutinerie;Poutine,Smoke,Local;Winnipeg;Smoke’s Poutinerie is the World’s Largest & Original Poutinerie offering a broad menu exclusive to Poutine.;0;0;['https://cdn.doordash.com/media/photosV2/a424e881-9c13-4bde-a21b-4ca9531b87f7-retina-large.jpg', 'https://cdn.doordash.com/media/photosV2/ad8b2735-0fb4-46ca-a23a-71ae55fd85a3-retina-large.jpg', 'https://cdn.doordash.com/media/photosV2/ba2e8239-a66e-40ed-ba4e-12f00b0c14a2-retina-large.png'];"[{'item_name': 'BBQ Steak Deluxe', 'price': 1699, 'image_url': 'https://cdn.doordash.com/media/photosV2/a424e881-9c13-4bde-a21b-4ca9531b87f7-retina-large.jpg', 'description': ""Fresh Hand-Cut Fries, Smoke's Signature Gravy, Quebec Cheese Curds. Topped with Flat-Iron Steak, 40 Creek BBQ Sauce, Sautéed Mushrooms, and Caramelized Onions. Meal: 1190 cal""}, {'item_name': 'Boneless Wings (Large)', 'price': 1129, 'image_url': 'https://cdn.doordash.com/media/photosV2/ad8b2735-0fb4-46ca-a23a-71ae55fd85a3-retina-large.jpg', 'description': 'Juicy deep-fried boneless chicken wings. 870 cal'}, {'item_name': 'Country Style', 'price': 1699, 'image_url': 'https://cdn.doordash.com/media/photosV2/ba2e8239-a66e-40ed-ba4e-12f00b0c14a2-retina-large.png', 'description': ""Fresh Hand-Cut Fries, Smoke's Signature Gravy, Quebec Cheese Curds. Topped with Grilled Chicken, Double-Smoked Bacon, Caramelized Onions, Sautéed Mushrooms, and Green Peas. Meal: 1230 cal""}]";3;['131 Albert St Winnipeg MB R3B 1G6']
Restaurant43;Kawaii Crepe;Crepes,Dessert,Sweet;Winnipeg;Om Nom Nom. We lovingly hand-craft, customizable, sweet & savoury, delicately folded, crispy goodness.;0;0;['https://cdn.doordash.com/media/photosV2/5e44519f-00c4-4fc0-a632-8d9819954d6f-b1aea78e-ae35-4420-9bfd-537cff258bcf-retina-large.JPG', 'https://cdn.doordash.com/media/photosV2/95f66421-b68d-41e0-b759-b34809357726-46f69a51-c446-4bef-81d7-f98381bea832-retina-large.JPG', 'https://cdn.doordash.com/media/photosV2/1c8934a3-3e0f-4e27-bf99-34514230b2ba-8dcf7cd3-8bad-4e3f-b446-d984c3939452-retina-large.JPG'];[{'item_name': 'The Early Bird (Gf*)', 'price': 1095, 'image_url': 'https://cdn.doordash.com/media/photosV2/5e44519f-00c4-4fc0-a632-8d9819954d6f-b1aea78e-ae35-4420-9bfd-537cff258bcf-retina-large.JPG', 'description': 'Your choice of 3 veggies, cheese, and eggs (scrambled or over hard) *CAN BE MADE GLUTEN FREE'}, {'item_name': 'Jalapeno Poppers (Gf*)', 'price': 1150, 'image_url': 'https://cdn.doordash.com/media/photosV2/95f66421-b68d-41e0-b759-b34809357726-46f69a51-c446-4bef-81d7-f98381bea832-retina-large.JPG', 'description': 'Sriracha infused cream cheese, candied jalapeno peppers, cheese, bacon, and eggs (scrambled or over hard) *CAN BE MADE GLUTEN FREE'}, {'item_name': 'Morning Sunshine (Gf*)', 'price': 1095, 'image_url': 'https://cdn.doordash.com/media/photosV2/1c8934a3-3e0f-4e27-bf99-34514230b2ba-8dcf7cd3-8bad-4e3f-b446-d984c3939452-retina-large.JPG', 'description': 'Bacon, cheese, and eggs (scrambled or over hard) *CAN BE MADE GLUTEN FREE'}];3;"['99 Osborne St #201 Winnipeg MB R3L 2R4', ""1220 St Mary's Rd Unit D Winnipeg MB R2M 3V6""]"
Restaurant44;Cilantro's Modern Indian Cuisine;Indian,Spicy;Winnipeg;We serve breakfast, lunch and dinner with Authentic and some Modern Indian dishes. We also serve vegan friendly and Gluten free menu.;0;0;['https://cdn.doordash.com/media/photos/c75d7670-c604-42a9-a23d-97f38a3895a5-retina-large-jpeg', 'https://cdn.doordash.com/media/photos/7d74e4dc-27dd-47d3-80d6-bdd9ead73cd0-retina-large-jpeg', 'https://cdn.doordash.com/media/photos/82d82299-766e-40fb-82bf-1bd1fafd5361-retina-large-jpeg'];[{'item_name': 'Falooda', 'price': 699, 'image_url': 'https://cdn.doordash.com/media/photos/c75d7670-c604-42a9-a23d-97f38a3895a5-retina-large-jpeg', 'description': ''}, {'item_name': 'Kesar Thandai', 'price': 699, 'image_url': 'https://cdn.doordash.com/media/photos/7d74e4dc-27dd-47d3-80d6-bdd9ead73cd0-retina-large-jpeg', 'description': ''}, {'item_name': 'Kesar Ginger Tea', 'price': 499, 'image_url': 'https://cdn.doordash.com/media/photos/82d82299-766e-40fb-82bf-1bd1fafd5361-retina-large-jpeg', 'description': ''}];3;['1132 Portage Ave Winnipeg MB R3G 0S7']
Restaurant45;Sargent Taco Shop;Tacos,Mexican;Winnipeg;Down-to-earth Mexican counter-serve specializing in tacos, plus flautas, quesadillas & churros.;0;0;['https://cdn.doordash.com/media/photos/29b35025-bdc2-4504-b3ce-16689ef8b210-retina-large-jpeg', 'https://cdn.doordash.com/media/photos/946fc3de-fdfb-4ee0-a5e3-446503a73eec-retina-large.jpg', 'https://cdn.doordash.com/media/photos/b42642ce-723c-440b-8725-62f27b889372-retina-large-jpeg'];[{'item_name': 'Pork (3)', 'price': 875, 'image_url': 'https://cdn.doordash.com/media/photos/29b35025-bdc2-4504-b3ce-16689ef8b210-retina-large-jpeg', 'description': 'Pastor style, pineapple, cilantro-onions.'}, {'item_name': 'Chicken (3)', 'price': 875, 'image_url': 'https://cdn.doordash.com/media/photos/946fc3de-fdfb-4ee0-a5e3-446503a73eec-retina-large.jpg', 'description': 'Grilled chicken, pico de gallo, cream, panela cheese.'}, {'item_name': 'Chicken Mushroom (3)', 'price': 875, 'image_url': 'https://cdn.doordash.com/media/photos/b42642ce-723c-440b-8725-62f27b889372-retina-large-jpeg', 'description': 'Grilled. Cream, panela cheese.'}];3;['698 Sargent Ave Winnipeg MB R3E 0A9']
Restaurant46;Siam Authentic Thai Cuisine;Noodles,Thai;Winnipeg;At Siam Thai, every dish is created using only the freshest, finest ingredients. We serve only the choicest meats and seafood, freshest rice and noodles, and sauces that are made fresh daily.;0;0;['https://cdn.doordash.com/media/photos/754f4c1d-971c-4504-8bb8-1bc0ea4bd868-retina-large.jpg', 'https://cdn.doordash.com/media/photosV2/95c707ce-f7ee-4d3b-be64-7a736446fc82-retina-large.JPG', 'https://cdn.doordash.com/media/photosV2/6c7070b2-2d81-4d29-89e6-de44d1e4fba7-retina-large.JPG'];[{'item_name': '31. Thai Fried Rice', 'price': 1499, 'image_url': 'https://cdn.doordash.com/media/photos/754f4c1d-971c-4504-8bb8-1bc0ea4bd868-retina-large.jpg', 'description': 'Stir-fried with tomatoes, onions, and garnished with coriander leaves and sliced cucumbers.'}, {'item_name': '26. Pad Thai', 'price': 1499, 'image_url': 'https://cdn.doordash.com/media/photosV2/95c707ce-f7ee-4d3b-be64-7a736446fc82-retina-large.JPG', 'description': 'Your choice of meat is stir fried with tofu, ground roasted peanuts, bean sprouts, and spring onions.'}, {'item_name': '1. Green Curry', 'price': 1599, 'image_url': 'https://cdn.doordash.com/media/photosV2/6c7070b2-2d81-4d29-89e6-de44d1e4fba7-retina-large.JPG', 'description': 'Simmered in coconut milk and green curry paste. Includes bamboo shoots, zucchini, snow peas, red and green bell peppers, Thai eggplant (seasonal) and garnished with Thai basil.'}];3;"[""587 St Anne's Rd Winnipeg MB R2M 2S3""]"
Restaurant47;Clay Oven;Biryani,Indian;Winnipeg;Founded in 2005 by the Ahluwalia Family, Clay Oven offers a vast menu of chicken, lamb, goat, seafood, vegetarian and vegan dishes, as well as a selection of sweets and desserts all prepared from authentic Indian recipes.;0;0;['https://cdn.doordash.com/media/photos/dc2a7ce5-4c60-4b84-be71-1ec999ae0f3f-retina-large.jpg', 'https://cdn.doordash.com/media/photosV2/385b4784-2faa-4197-8410-5f13cdac6a86-retina-large.JPG', 'https://cdn.doordash.com/media/photos/13f568f5-b16f-4de0-a5c9-ee075e31c08a-retina-large.jpg'];[{'item_name': 'Assorted Naan Basket (4 Pieces)', 'price': 1399, 'image_url': 'https://cdn.doordash.com/media/photos/dc2a7ce5-4c60-4b84-be71-1ec999ae0f3f-retina-large.jpg', 'description': 'Includes regular naan, garlic naan, Mozzarella cheese naan, and whole wheat naan.'}, {'item_name': 'Garlic Naan (1 Piece)', 'price': 319, 'image_url': 'https://cdn.doordash.com/media/photosV2/385b4784-2faa-4197-8410-5f13cdac6a86-retina-large.JPG', 'description': 'Plain flour naan bread with garlic. One order comes with one naan.'}, {'item_name': 'Tandoori Paneer Veggie Sizzler', 'price': 1799, 'image_url': 'https://cdn.doordash.com/media/photos/13f568f5-b16f-4de0-a5c9-ee075e31c08a-retina-large.jpg', 'description': 'Vegetarian and gluten friendly. Homemade Indian dish with cheese and seasonal mixed vegetables, grilled and sautéed in the tandoor.'}];3;['1600 Kenaston Blvd #240 Winnipeg MB R3P 2M6', '1 Portage Ave E #3 Winnipeg MB R3B 3N3', '247 Edmonton St Winnipeg MB R3C 0H7']
Restaurant48;Kimbaek Restaurant;Korean;Winnipeg;We are a west end affordable korean restaurant with resonable servings.;0;0;['https://cdn.doordash.com/media/photos/238afeda-34f9-4640-8bab-088809a8c11e-retina-large-jpeg', 'https://cdn.doordash.com/media/photos/cd048963-eea2-4772-860c-20a4f9ce3c2e-retina-large-jpeg', 'https://cdn.doordash.com/media/photos/174b90f9-f1f6-4877-b383-57b81c9d6b5d-retina-large-jpeg'];[{'item_name': '6. Spicy Beef Soup - Yukgaejang', 'price': 1399, 'image_url': 'https://cdn.doordash.com/media/photos/238afeda-34f9-4640-8bab-088809a8c11e-retina-large-jpeg', 'description': 'spicy soup with beef, vegetables and glass noodles'}, {'item_name': '11. Beef Bulgogi', 'price': 1499, 'image_url': 'https://cdn.doordash.com/media/photos/cd048963-eea2-4772-860c-20a4f9ce3c2e-retina-large-jpeg', 'description': 'stir fried beef slices with teriyaki sauce and vegetables'}, {'item_name': '14. Chicken Bulgogi', 'price': 1499, 'image_url': 'https://cdn.doordash.com/media/photos/174b90f9-f1f6-4877-b383-57b81c9d6b5d-retina-large-jpeg', 'description': 'stir fried chicken with spicy sauce and vegetables'}];3;['193 Isabel St Winnipeg MB R3A 1G8']
